'ProgID';'ProgramName';'Executable';'Parameters';'Extract'
1;'7Zip';'7Zip.exe';'-y /q /r:n';0
2;'Acrobat Reader 6.0';'AdbeRdr60_enu_full.exe';'-p"-s /v\"/qn\""';0
3;'Alcohol 120%';'setup.exe';'/qn';0
4;'Boot XP';'bootxpsetuprc2.50.exe';'/S';0
5;'Connectix Virtual PC IS Script';'ISScript8.Msi';'/qn';0
6;'Connectix Virtual PC';'CVPC.msi';'/qn';0
7;'Command Prompt Explorer Bar 1.1';'Cmdbar.msi';'/qn';0
8;'ConTEXT 0.97';'context.exe';'/verysilent';0
9;'Customizer XP 1.8.5';'cstmizxp_reg.exe';'/VERYSILENT /SP-';0
10;'DUMeter 3';'dumeter3.exe';'/VERYSILENT /SP-';0
11;'Daemon Tools';'daemon.msi';'/qn /Reboot=Suppress';1
12;'Easy CD Creater 5.0';'setup.exe';'/s /v/qn';0
13;'Google Toolbar';'GoogleToolbarInstaller.exe';'/s /qn';0
14;'Google Toolbar (without advanced features)';'GoogleToolbarInstaller.exe';'/q /d';0
15;'Jasc Paint Shop Pro 8';'JPSP8.msi';'/qn';0
16;'Journal Viewer 1.5';'JV.msi';'/qn';1
17;'Kazaa Codec Pack';'kcodec210.exe';'/silent';0
18;'Logon Loader';'Logon_Loader_2.1.0.exe';'/VERYSILENT /SP-';0
19;'Microsoft Visual Basic 6 Runtimes';'vbrun6.exe';'/Q';0
20;'MusicMatch Jukebox';'MusicMatch.exe';'/s';0
21;'MagicTweak';'MT270.exe';'/silent';0
22;'Messenger Plus 2.54';'msgplus254.exe';'/SilentInstall';0
23;'Messenger Plus 2.54 (Without Sponsor)';'msgplus254.exe';'/SilentInstallNoSponsor';0
24;'Nero Burning ROM 6.0.0.23+';'Nero6xxxxx.exe';'/SILENT /NOREBOOT /SN=xxxxx-xxxxx-xxxxx-xxxxx-xxxxx /WRITE_SN';0
25;'Norton Systemworks 2003';'Setup.exe';'/qn /Reboot=Suppress';0
26;'Partition Magic 8.0';'setup.exe';'/s /v/qn';0
27;'PowerDesk 5.0';'PD5.exe';'/S /N /LANG=ENG';0
28;'Perfect Disk 6';'pdwks60.msi';'/qn';0
29;'PC Cillin';'pcc.msi';'/qb REBOOT=Supress';0
30;'QuickTime Alternative';'quicktimealtxxx.exe';'/VERYSILENT /SP-';0
31;'QCD Player';'qcd411.exe';'/S';0
32;'RealPlayer One v2';'RealOnePlayerV2GOLD_en.exe';'-s';0
33;'Real Alternative';'realaltxxx.exe';'/VERYSILENT /SP-';0
34;'Resplendent Registrar 3.21';'regist.exe';'/S';0
35;'SpywareBlaster';'spywareblastersetup.exe';'/verysilent';0
36;'Sygate Personal Firewall';'spf.exe';'/QN Reboot=Supress';0
37;'SiSoft Sandra Pro MAX3';'filename.exe';'/VERYSILENT';0
38;'TuneUp Utilities';'filename.exe';'/q';0
39;'TuneUp Utilities (Extracted)';'TU2003.msi';'/qn';0
40;'TweakXP Pro 2.0';'tweakxp.exe';'/qn';0
41;'Tweaknow PowerPack';'setup.exe';'/VERYSILENT /SP-';0
42;'TightVNC';'filename.exe';'/silent';0
43;'WinISO 5.3';'WinISO.exe';'/VERYSILENT /SP-';0
44;'WMP 9 Bonus Pack';'WMP9Bonus.exe';'/q';0
45;'Windows XP Support Tools';'Suptools.msi';'/qn';0
46;'Yahoo Messenger 5.6';'yahoomessenger.exe';'/s';0
47;'Pdf Creator';'PDFCreator-Setup.exe';'/verysilent /norestart';0
48;'Creative Audigy/Live Driver';'CTZAPXX.exe';'/q /o /r';0
49;'Lavasoft Ad-Aware 6 Build 181';'aaw6.exe';'/silent';0
50;'SpyBot Search & Destroy';'spybotsd12.exe';'/silent';0
51;'TweakUI 2.10 Powertoy';'TweakUI.msi';'/qb';0
52;'Kazaa Lite K++ 2.43';'klitekpp243e.exe';'/silent';0
53;'WinRAR 3.20';'wrar320.exe';'/s';0
54;'Office 2003 Professional';'setup.exe';'TRANSFORMS=office11.MST /qb-';0
55;'AOL Instant Messenger';'Install_AIM.exe';'/s';0
56;'Sun Java VM 1.4.2';'j2re-1_4_2_01-windows-i586.exe';'/s /v"/qn ADDLOCAL=jrecore IEXPLORER=1"';0
57;'Works7';'works7.msi';'/qb';0
58;'DreamweaverMX';'dreamwmx.msi';'/qb';0
59;'Symantec Antivirus Corporate 8.1';'sav810b821.exe';'/qn';0
60;'FreshUI 6.80';'frui.exe';'/silent';0
